"","ID","country","secano.area","total.area","secano.pct","mirca.start","mirca.end","N.app.0d","N.app.40d","Coincidencias","New_FPU","NFPU_INT","New_Basin","Basin_Name","Region","elev","variedad.1","SecondAppDay","NOM_MUNICI","NOMBRE_DPT"
"1","1888","Colombia",10373.8,10373.8,100,76,166,57.6453018188477,NA,1888,"NWS_COL",183,"NWS","Northwest_South_America","AND",59,"IB0056_FM6",34,"AYAPEL","CÓRDOBA"
"2","1930","Colombia",6207.6,6207.6,100,76,166,57.6453018188477,NA,1930,"NWS_COL",183,"NWS","Northwest_South_America","AND",356,"IB0056_FM6",39,"PUERTO LIBERTADOR","CÓRDOBA"
"3","1842","Colombia",4391.6,4391.6,100,76,166,57.6453018188477,NA,1842,"NWS_COL",183,"NWS","Northwest_South_America","AND",21,"IB0056_FM6",34,"SUCRE","SUCRE"
"4","1684","Colombia",6893,6893,100,76,166,57.6453018188477,NA,1684,"NWS_COL",183,"NWS","Northwest_South_America","AND",46,"IB0056_FM6",36,"SANTA CATALINA","BOLÍVAR"
"5","1933","Colombia",4171.2,4171.2,100,76,166,57.6453018188477,NA,1933,"NWS_COL",183,"NWS","Northwest_South_America","AND",794,"IB0056_FM6",38,"SANTA ROSA DEL SUR","BOLÍVAR"
"6","1975","Colombia",410.9,410.9,100,76,166,57.6453018188477,NA,1975,"NWS_COL",183,"NWS","Northwest_South_America","AND",517,"IB0056_FM6",38,"CANTAGALLO","BOLÍVAR"
"7","1843","Colombia",7199.3,7199.3,100,76,166,57.6453018188477,NA,1843,"NWS_COL",183,"NWS","Northwest_South_America","AND",75,"IB0056_FM6",34,"ALTOS DEL ROSARIO","BOLÍVAR"
"8","1685","Colombia",4347.5,4347.5,100,76,166,57.6453018188477,NA,1685,"NWS_COL",183,"NWS","Northwest_South_America","AND",36,"IB0056_FM6",34,"PALMAR DE VARELA","ATLANTICO"
"9","2466","Colombia",3989.7,3989.7,100,76,166,57.6453018188477,NA,2466,"AMA_COL",5,"AMA","Amazon","AND",328,"IB0056_FM6",36,"EL RETORNO","GUAVIARE"
"10","2467","Colombia",142.9,142.9,100,76,166,57.6453018188477,NA,2467,"ORI_COL",199,"ORI","Orinoco","AND",301,"IB0056_FM6",36,"EL RETORNO","GUAVIARE"
"11","2524","Colombia",433.7,433.7,100,76,166,57.6453018188477,NA,2524,"AMA_COL",5,"AMA","Amazon","AND",331,"IB0056_FM6",37,"CALAMAR","GUAVIARE"
"12","2410","Colombia",188.1,188.1,100,76,166,57.6453018188477,NA,2410,"ORI_COL",199,"ORI","Orinoco","AND",298,"IB0056_FM6",35,"SAN JOSÉ DEL GUAVIARE","GUAVIARE"
"13","2463","Colombia",2908.6,2908.6,100,76,166,57.6453018188477,NA,2463,"ORI_COL",199,"ORI","Orinoco","AND",359,"IB0056_FM6",36,"LA MACARENA","META"
"14","2464","Colombia",772.7,772.7,100,76,166,57.6453018188477,NA,2464,"ORI_COL",199,"ORI","Orinoco","AND",353,"IB0056_FM6",37,"LA MACARENA","META"
"15","2406","Colombia",750.4,750.4,100,76,166,57.6453018188477,NA,2406,"ORI_COL",199,"ORI","Orinoco","AND",592,"IB0056_FM6",36,"URIBE","META"
"16","2352","Colombia",1861.4,1861.4,100,76,166,57.6453018188477,NA,2352,"ORI_COL",199,"ORI","Orinoco","AND",1066,"IB0056_FM6",40,"MESETAS","META"
"17","2353","Colombia",3330,3330,100,76,166,57.6453018188477,NA,2353,"ORI_COL",199,"ORI","Orinoco","AND",573,"IB0056_FM6",37,"SAN JUAN DE ARAMA","META"
"18","2300","Colombia",2208.4,2208.4,100,76,166,57.6453018188477,NA,2300,"ORI_COL",199,"ORI","Orinoco","AND",654,"IB0056_FM6",38,"SAN MARTÍN","META"
"19","2299","Colombia",214.6,214.6,100,76,166,57.6453018188477,NA,2299,"ORI_COL",199,"ORI","Orinoco","AND",2832,"IB0006_INRA",74,"CUBARRAL","META"
"20","2247","Colombia",1545.4,1545.4,100,76,166,57.6453018188477,NA,2247,"ORI_COL",199,"ORI","Orinoco","AND",1664,"IB0056_FM6",49,"VILLAVICENCIO","META"
"21","2248","Colombia",5051.2,5051.2,100,76,166,57.6453018188477,NA,2248,"ORI_COL",199,"ORI","Orinoco","AND",320,"IB0056_FM6",35,"CUMARAL","META"
"22","2249","Colombia",2217.3,2217.3,100,76,166,57.6453018188477,NA,2249,"ORI_COL",199,"ORI","Orinoco","AND",205,"IB0056_FM6",35,"PUERTO LÓPEZ","META"
"23","2301","Colombia",2094.3,2094.3,100,76,166,57.6453018188477,NA,2301,"ORI_COL",199,"ORI","Orinoco","AND",264,"IB0056_FM6",35,"SAN CARLOS DE GUAROA","META"
"24","2354","Colombia",1155.5,1155.5,100,76,166,57.6453018188477,NA,2354,"ORI_COL",199,"ORI","Orinoco","AND",280,"IB0056_FM6",35,"PUERTO LLERAS","META"
"25","2408","Colombia",1195.4,1195.4,100,76,166,57.6453018188477,NA,2408,"ORI_COL",199,"ORI","Orinoco","AND",298,"IB0056_FM6",35,"PUERTO RICO","META"
"26","2409","Colombia",1233.3,1233.3,100,76,166,57.6453018188477,NA,2409,"ORI_COL",199,"ORI","Orinoco","AND",292,"IB0056_FM6",35,"PUERTO CONCORDIA","META"
"27","2407","Colombia",837.3,837.3,100,76,166,57.6453018188477,NA,2407,"ORI_COL",199,"ORI","Orinoco","AND",884,"IB0056_FM6",39,"VISTAHERMOSA","META"
"28","2197","Colombia",363.9,363.9,100,76,166,57.6453018188477,NA,2197,"ORI_COL",199,"ORI","Orinoco","AND",348,"IB0056_FM6",35,"MONTERREY","CASANARE"
"29","2147","Colombia",964.6,964.6,100,76,166,57.6453018188477,NA,2147,"ORI_COL",199,"ORI","Orinoco","AND",1510,"IB0056_FM6",44,"RECETOR","CASANARE"
"30","2148","Colombia",581,581,100,76,166,57.6453018188477,NA,2148,"ORI_COL",199,"ORI","Orinoco","AND",287,"IB0056_FM6",35,"YOPAL","CASANARE"
"31","2019","Colombia",27.1,27.1,100,76,166,57.6453018188477,NA,2019,"ORI_COL",199,"ORI","Orinoco","AND",2551,"IB0006_INRA",63,"CUBARÁ","BOYACÁ"
"32","2149","Colombia",288,288,100,76,166,57.6453018188477,NA,2149,"ORI_COL",199,"ORI","Orinoco","AND",165,"IB0056_FM6",34,"SAN LUIS DE PALENQUE","CASANARE"
"33","2059","Colombia",347.4,347.4,100,76,166,57.6453018188477,NA,2059,"ORI_COL",199,"ORI","Orinoco","AND",2610,"IB0006_INRA",61,"TAME","ARAUCA"
"34","2060","Colombia",1970.3,1970.3,100,76,166,57.6453018188477,NA,2060,"ORI_COL",199,"ORI","Orinoco","AND",404,"IB0056_FM6",35,"TAME","ARAUCA"
"35","1667","Colombia",1483.7,1483.7,100,76,166,57.6453018188477,NA,1667,"NWS_COL",183,"NWS","Northwest_South_America","AND",335,"IB0056_FM6",36,"DIBULLA","LA GUAJIRA"
"36","1668","Colombia",3114.2,3114.2,100,76,166,57.6453018188477,NA,1668,"NWS_COL",183,"NWS","Northwest_South_America","AND",156,"IB0056_FM6",35,"RIOHACHA","LA GUAJIRA"
"37","1688","Colombia",4756.9,4756.9,100,76,166,57.6453018188477,NA,1688,"NWS_COL",183,"NWS","Northwest_South_America","AND",1117,"IB0056_FM6",41,"SAN JUAN DEL CESAR","LA GUAJIRA"
"38","1689","Colombia",1577.6,1579.9,99.8544211658966,76,166,103.732597351074,NA,1689,"NWS_COL",183,"NWS","Northwest_South_America","AND",727,"IB0056_FM6",39,"FONSECA","LA GUAJIRA"
"39","1669","Colombia",2626.9,2650.1,99.124561337308,116,166,103.732597351074,NA,1669,"NWS_COL",183,"NWS","Northwest_South_America","AND",114,"IB0056_FM6",35,"MAICAO","LA GUAJIRA"
"40","1686","Colombia",3279.9,3279.9,100,76,166,57.6453018188477,NA,1686,"NWS_COL",183,"NWS","Northwest_South_America","AND",162,"IB0056_FM6",34,"PUEBLOVIEJO","MAGDALENA"
"41","1666","Colombia",392.4,392.4,100,76,166,57.6453018188477,NA,1666,"NWS_COL",183,"NWS","Northwest_South_America","AND",589,"IB0056_FM6",37,"SANTA MARTA (Distrito Turístico Cultural e Histórico)","MAGDALENA"
"42","1719","Colombia",5780.3,5780.3,100,76,166,57.6453018188477,NA,1719,"NWS_COL",183,"NWS","Northwest_South_America","AND",112,"IB0056_FM6",34,"SABANAS DE SAN ÁNGEL (San Ángel)","MAGDALENA"
"43","1687","Colombia",408.8,408.8,100,76,166,57.6453018188477,NA,1687,"NWS_COL",183,"NWS","Northwest_South_America","AND",2640,"IB0068_PIO3475",73,"ARACATACA","MAGDALENA"
"44","1758","Colombia",5569.7,5569.7,100,76,166,103.732597351074,NA,1758,"NWS_COL",183,"NWS","Northwest_South_America","AND",599,"IB0056_FM6",36,"BECERRIL","CESAR"
"45","1845","Colombia",556.5,556.5,100,76,166,57.6453018188477,NA,1845,"ORI_COL",199,"ORI","Orinoco","AND",847,"IB0056_FM6",39,"CONVENCIÓN","NORTE DE SANTANDER"
"46","1846","Colombia",1359.9,1359.9,100,76,166,103.732597351074,NA,1846,"ORI_COL",199,"ORI","Orinoco","AND",132,"IB0056_FM6",34,"TIBÚ","NORTE DE SANTANDER"
"47","1893","Colombia",2422.9,2422.9,100,76,166,57.6453018188477,NA,1893,"ORI_COL",199,"ORI","Orinoco","AND",576,"IB0056_FM6",37,"SARDINATA","NORTE DE SANTANDER"
"48","1892","Colombia",2133.6,2133.6,100,76,166,57.6453018188477,NA,1892,"ORI_COL",199,"ORI","Orinoco","AND",1344,"IB0056_FM6",42,"LA PLAYA","NORTE DE SANTANDER"
"49","1935","Colombia",2148.5,2148.5,100,76,166,57.6453018188477,NA,1935,"NWS_COL",183,"NWS","Northwest_South_America","AND",1242,"IB0056_FM6",43,"LA ESPERANZA","NORTE DE SANTANDER"
"50","1979","Colombia",297.7,297.7,100,76,166,103.732597351074,NA,1979,"ORI_COL",199,"ORI","Orinoco","AND",1543,"IB0056_FM6",45,"TOLEDO","NORTE DE SANTANDER"
"51","1976","Colombia",2647.4,2647.4,100,76,166,57.6453018188477,NA,1976,"NWS_COL",183,"NWS","Northwest_South_America","AND",84,"IB0056_FM6",34,"PUERTO WILCHES","SANTANDER"
"52","1934","Colombia",6697.8,6697.8,100,76,166,57.6453018188477,NA,1934,"NWS_COL",183,"NWS","Northwest_South_America","AND",50,"IB0056_FM6",34,"RIONEGRO","SANTANDER"
"53","1977","Colombia",3824.8,3824.8,100,76,166,57.6453018188477,NA,1977,"NWS_COL",183,"NWS","Northwest_South_America","AND",840,"IB0056_FM6",38,"RIONEGRO","SANTANDER"
"54","2018","Colombia",1194,1194,100,76,166,57.6453018188477,NA,2018,"NWS_COL",183,"NWS","Northwest_South_America","AND",2486,"IB0006_INRA",61,"MÁLAGA","SANTANDER"
"55","2017","Colombia",1304.6,1304.6,100,76,166,57.6453018188477,NA,2017,"NWS_COL",183,"NWS","Northwest_South_America","AND",1368,"IB0056_FM6",44,"ZAPATOCA","SANTANDER"
"56","2055","Colombia",1883.8,1883.8,100,76,166,57.6453018188477,NA,2055,"NWS_COL",183,"NWS","Northwest_South_America","AND",225,"IB0056_FM6",35,"CIMITARRA","SANTANDER"
"57","2056","Colombia",1766.6,1766.6,100,76,166,57.6453018188477,NA,2056,"NWS_COL",183,"NWS","Northwest_South_America","AND",1087,"IB0056_FM6",40,"LANDÁZURI","SANTANDER"
"58","2057","Colombia",2360.2,2360.2,100,76,166,57.6453018188477,NA,2057,"NWS_COL",183,"NWS","Northwest_South_America","AND",1760,"IB0056_FM6",46,"OIBA","SANTANDER"
"59","2058","Colombia",905.5,905.5,100,76,166,57.6453018188477,NA,2058,"NWS_COL",183,"NWS","Northwest_South_America","AND",2727,"IB0006_INRA",78,"SUSACÓN","BOYACÁ"
"60","2099","Colombia",1441.1,1441.1,100,76,166,57.6453018188477,NA,2099,"NWS_COL",183,"NWS","Northwest_South_America","AND",2832,"IB0006_INRA",75,"MONGUA","BOYACÁ"
"61","2098","Colombia",354.2,354.2,100,76,166,57.6453018188477,NA,2098,"NWS_COL",183,"NWS","Northwest_South_America","AND",2748,"IB0006_INRA",76,"SOTAQUIRÁ","BOYACÁ"
"62","2196","Colombia",6685.1,6685.1,100,76,166,57.6453018188477,NA,2196,"ORI_COL",199,"ORI","Orinoco","AND",1060,"IB0056_FM6",42,"SANTA MARÍA","BOYACÁ"
"63","2096","Colombia",1780.8,1780.8,100,76,166,57.6453018188477,NA,2096,"NWS_COL",183,"NWS","Northwest_South_America","AND",804,"IB0056_FM6",38,"OTANCHE","BOYACÁ"
"64","2144","Colombia",2077.8,2077.8,100,76,166,57.6453018188477,NA,2144,"NWS_COL",183,"NWS","Northwest_South_America","AND",1653,"IB0056_FM6",48,"EL PEÑÓN","CUNDINAMARCA"
"65","2246","Colombia",1788.6,1788.6,100,76,166,57.6453018188477,NA,2246,"ORI_COL",199,"ORI","Orinoco","AND",2792,"IB0006_INRA",77,"PASCA","CUNDINAMARCA"
"66","2194","Colombia",2776.7,2776.7,100,76,166,57.6453018188477,NA,2194,"ORI_COL",199,"ORI","Orinoco","AND",2313,"IB0006_INRA",60,"MADRID","CUNDINAMARCA"
"67","2195","Colombia",4986.3,4986.3,100,76,166,57.6453018188477,NA,2195,"ORI_COL",199,"ORI","Orinoco","AND",2678,"IB0006_INRA",71,"GUASCA","CUNDINAMARCA"
"68","2348","Colombia",3179.6,3179.6,100,76,166,57.6453018188477,NA,2348,"NWS_COL",183,"NWS","Northwest_South_America","AND",1901,"IB0006_INRA",47,"MIRANDA","CAUCA"
"69","2402","Colombia",683.2,683.2,100,76,166,57.6453018188477,NA,2402,"NWS_COL",183,"NWS","Northwest_South_America","AND",2693,"IB0006_INRA",70,"SILVIA","CAUCA"
"70","2401","Colombia",1127.7,1127.7,100,76,166,57.6453018188477,NA,2401,"NWS_COL",183,"NWS","Northwest_South_America","AND",1824,"IB0056_FM6",47,"MORALES","CAUCA"
"71","2457","Colombia",1807.7,1807.7,100,76,166,57.6453018188477,NA,2457,"NWS_COL",183,"NWS","Northwest_South_America","AND",1470,"IB0056_FM6",46,"ARGELIA","CAUCA"
"72","2515","Colombia",2137.4,2137.4,100,76,166,57.6453018188477,NA,2515,"NWS_COL",183,"NWS","Northwest_South_America","AND",1249,"IB0056_FM6",44,"MERCADERES","CAUCA"
"73","2458","Colombia",1072,1072,100,76,166,57.6453018188477,NA,2458,"NWS_COL",183,"NWS","Northwest_South_America","AND",2004,"IB0006_INRA",60,"ROSAS","CAUCA"
"74","2459","Colombia",829.9,829.9,100,76,166,57.6453018188477,NA,2459,"NWS_COL",183,"NWS","Northwest_South_America","AND",2853,"IB0006_INRA",77,"ÁREA EN LITIGIO","NN"
"75","2190","Colombia",1494.1,1494.1,100,76,166,57.6453018188477,NA,2190,"NWS_COL",183,"NWS","Northwest_South_America","AND",1793,"IB0056_FM6",46,"EL CAIRO","VALLE DEL CAUCA"
"76","2242","Colombia",15202.2,15202.2,100,76,166,57.6453018188477,NA,2242,"NWS_COL",183,"NWS","Northwest_South_America","AND",1381,"IB0056_FM6",42,"TRUJILLO","VALLE DEL CAUCA"
"77","2295","Colombia",7329.5,7329.5,100,76,166,57.6453018188477,NA,2295,"NWS_COL",183,"NWS","Northwest_South_America","AND",1626,"IB0056_FM6",45,"GINEBRA","VALLE DEL CAUCA"
"78","2294","Colombia",1285.5,1285.5,100,76,166,57.6453018188477,NA,2294,"NWS_COL",183,"NWS","Northwest_South_America","AND",795,"IB0056_FM6",40,"DAGUA","VALLE DEL CAUCA"
"79","2347","Colombia",466.2,466.2,100,76,166,57.6453018188477,NA,2347,"NWS_COL",183,"NWS","Northwest_South_America","AND",1255,"IB0056_FM6",41,"JAMUNDÍ","VALLE DEL CAUCA"
"80","2574","Colombia",3131.8,3131.8,100,76,166,57.6453018188477,NA,2574,"NWS_COL",183,"NWS","Northwest_South_America","AND",2146,"IB0006_INRA",55,"SANTA CRUZ (Guachavés)","NARIÑO"
"81","2636","Colombia",840.5,840.5,100,76,166,80.8565979003906,NA,2636,"AMA_COL",5,"AMA","Amazon","AND",2317,"IB0006_INRA",56,"PUERRES","NARIÑO"
"82","2575","Colombia",1711.7,1711.7,100,76,166,57.6453018188477,NA,2575,"NWS_COL",183,"NWS","Northwest_South_America","AND",2485,"IB0006_INRA",56,"PASTO","NARIÑO"
"83","2514","Colombia",1654.7,1654.7,100,76,166,57.6453018188477,NA,2514,"NWS_COL",183,"NWS","Northwest_South_America","AND",696,"IB0056_FM6",39,"LOS ANDES (Sotomayor)","NARIÑO"
"84","2577","Colombia",566.7,566.7,100,76,166,57.6453018188477,NA,2577,"AMA_COL",5,"AMA","Amazon","AND",916,"IB0056_FM6",40,"SAN JOSÉ DEL FRAGUA","CAQUETÁ"
"85","2350","Colombia",13379,13379,100,76,166,57.6453018188477,NA,2350,"NWS_COL",183,"NWS","Northwest_South_America","AND",723,"IB0056_FM6",37,"AIPE","HUILA"
"86","2460","Colombia",2131.9,2131.9,100,76,166,57.6453018188477,NA,2460,"NWS_COL",183,"NWS","Northwest_South_America","AND",1240,"IB0056_FM6",43,"AGRADO","HUILA"
"87","2296","Colombia",1178.6,1178.6,100,76,166,57.6453018188477,NA,2296,"NWS_COL",183,"NWS","Northwest_South_America","AND",2535,"IB0006_INRA",67,"CHAPARRAL","TOLIMA"
"88","2297","Colombia",5372.6,5372.6,100,76,166,57.6453018188477,NA,2297,"NWS_COL",183,"NWS","Northwest_South_America","AND",695,"IB0056_FM6",36,"COYAIMA","TOLIMA"
"89","2243","Colombia",1649.2,1649.2,100,76,166,57.6453018188477,NA,2243,"NWS_COL",183,"NWS","Northwest_South_America","AND",2242,"IB0006_INRA",56,"PIJAO","QUINDIO"
"90","2189","Colombia",136,136,100,76,166,57.6453018188477,NA,2189,"NWS_COL",183,"NWS","Northwest_South_America","AND",199,"IB0056_FM6",36,"NÓVITA","CHOCÓ"
"91","2139","Colombia",139.4,139.4,100,76,166,57.6453018188477,NA,2139,"NWS_COL",183,"NWS","Northwest_South_America","AND",127,"IB0056_FM6",36,"EL CANTÓN DEL SAN PABLO","CHOCÓ"
"92","2092","Colombia",849.4,849.4,100,76,166,57.6453018188477,NA,2092,"NWS_COL",183,"NWS","Northwest_South_America","AND",1606,"IB0056_FM6",43,"EL CARMEN","CHOCÓ"
"93","2141","Colombia",732.7,732.7,100,76,166,57.6453018188477,NA,2141,"NWS_COL",183,"NWS","Northwest_South_America","AND",1517,"IB0056_FM6",44,"ANSERMA","CALDAS"
"94","2093","Colombia",2857.4,2857.4,100,76,166,57.6453018188477,NA,2093,"NWS_COL",183,"NWS","Northwest_South_America","AND",1548,"IB0056_FM6",42,"JERICÓ","ANTIOQUIA"
"95","2094","Colombia",1647.2,1647.2,100,76,166,57.6453018188477,NA,2094,"NWS_COL",183,"NWS","Northwest_South_America","AND",1779,"IB0056_FM6",53,"SONSÓN","ANTIOQUIA"
"96","2095","Colombia",3387.3,3387.3,100,76,166,57.6453018188477,NA,2095,"NWS_COL",183,"NWS","Northwest_South_America","AND",384,"IB0056_FM6",36,"SONSÓN","ANTIOQUIA"
"97","2014","Colombia",1895.2,1895.2,100,76,166,57.6453018188477,NA,2014,"NWS_COL",183,"NWS","Northwest_South_America","AND",858,"IB0056_FM6",39,"YALÍ","ANTIOQUIA"
"98","2051","Colombia",1370.5,1370.5,100,76,166,57.6453018188477,NA,2051,"NWS_COL",183,"NWS","Northwest_South_America","AND",1781,"IB0056_FM6",45,"URRAO","ANTIOQUIA"
"99","2011","Colombia",1439.1,1439.1,100,76,166,57.6453018188477,NA,2011,"NWS_COL",183,"NWS","Northwest_South_America","AND",1491,"IB0056_FM6",45,"FRONTINO","ANTIOQUIA"
"100","2012","Colombia",1050,1050,100,76,166,57.6453018188477,NA,2012,"NWS_COL",183,"NWS","Northwest_South_America","AND",2042,"IB0006_INRA",51,"LIBORINA","ANTIOQUIA"
"101","2013","Colombia",3980.6,3980.6,100,76,166,57.6453018188477,NA,2013,"NWS_COL",183,"NWS","Northwest_South_America","AND",1795,"IB0056_FM6",47,"GÓMEZ PLATA","ANTIOQUIA"
"102","2015","Colombia",3015.7,3015.7,100,76,166,57.6453018188477,NA,2015,"NWS_COL",183,"NWS","Northwest_South_America","AND",127,"IB0056_FM6",35,"YONDÓ (Casabe)","ANTIOQUIA"
"103","1974","Colombia",1224.4,1224.4,100,76,166,57.6453018188477,NA,1974,"NWS_COL",183,"NWS","Northwest_South_America","AND",446,"IB0056_FM6",37,"SEGOVIA","ANTIOQUIA"
"104","1973","Colombia",2084.3,2084.3,100,76,166,57.6453018188477,NA,1973,"NWS_COL",183,"NWS","Northwest_South_America","AND",876,"IB0056_FM6",40,"ANORÍ","ANTIOQUIA"
"105","1971","Colombia",521.2,521.2,100,76,166,57.6453018188477,NA,1971,"NWS_COL",183,"NWS","Northwest_South_America","AND",1224,"IB0056_FM6",40,"ITUANGO","ANTIOQUIA"
"106","1972","Colombia",446.6,446.6,100,76,166,57.6453018188477,NA,1972,"NWS_COL",183,"NWS","Northwest_South_America","AND",1494,"IB0056_FM6",47,"ITUANGO","ANTIOQUIA"
"107","1932","Colombia",1555.3,1555.3,100,76,166,57.6453018188477,NA,1932,"NWS_COL",183,"NWS","Northwest_South_America","AND",238,"IB0056_FM6",35,"EL BAGRE","ANTIOQUIA"
"108","1928","Colombia",4661.2,4661.2,100,76,166,57.6453018188477,NA,1928,"NWS_COL",183,"NWS","Northwest_South_America","AND",131,"IB0056_FM6",36,"CAREPA","ANTIOQUIA"
"109","1929","Colombia",672,672,100,76,166,57.6453018188477,NA,1929,"NWS_COL",183,"NWS","Northwest_South_America","AND",497,"IB0056_FM6",37,"TIERRALTA","CÓRDOBA"
"110","1886","Colombia",8582.7,8582.7,100,76,166,57.6453018188477,NA,1886,"NWS_COL",183,"NWS","Northwest_South_America","AND",178,"IB0056_FM6",36,"VALENCIA","CÓRDOBA"
"111","1793","Colombia",10881,10881,100,76,166,57.6453018188477,NA,1793,"NWS_COL",183,"NWS","Northwest_South_America","AND",26,"IB0056_FM6",35,"PURÍSIMA","CÓRDOBA"
"112","1840","Colombia",8067,8067,100,76,166,57.6453018188477,NA,1840,"NWS_COL",183,"NWS","Northwest_South_America","AND",78,"IB0056_FM6",35,"SAN CARLOS","CÓRDOBA"
"113","1887","Colombia",12740,12740,100,76,166,57.6453018188477,NA,1887,"NWS_COL",183,"NWS","Northwest_South_America","AND",141,"IB0056_FM6",35,"PLANETA RICA","CÓRDOBA"
"114","1794","Colombia",3973.8,3973.8,100,76,166,57.6453018188477,NA,1794,"NWS_COL",183,"NWS","Northwest_South_America","AND",120,"IB0056_FM6",34,"SAN JUAN DE BETULIA","SUCRE"
"115","1841","Colombia",8215.2,8215.2,100,76,166,57.6453018188477,NA,1841,"NWS_COL",183,"NWS","Northwest_South_America","AND",57,"IB0056_FM6",34,"CAIMITO","SUCRE"
"116","1717","Colombia",17553,17553,100,76,166,57.6453018188477,NA,1717,"NWS_COL",183,"NWS","Northwest_South_America","AND",61,"IB0056_FM6",34,"MAHATES","BOLÍVAR"
"117","1754","Colombia",11003.9,11003.9,100,76,166,57.6453018188477,NA,1754,"NWS_COL",183,"NWS","Northwest_South_America","AND",187,"IB0056_FM6",34,"EL CARMEN DE BOLÍVAR","BOLÍVAR"
"118","1795","Colombia",6652.8,6652.8,100,76,166,57.6453018188477,NA,1795,"NWS_COL",183,"NWS","Northwest_South_America","AND",37,"IB0056_FM6",33,"MAGANGUÉ","BOLÍVAR"
"119","1890","Colombia",4734.2,4734.2,100,76,166,57.6453018188477,NA,1890,"NWS_COL",183,"NWS","Northwest_South_America","AND",634,"IB0056_FM6",35,"ARENAL","BOLÍVAR"
"120","1889","Colombia",5856.5,5856.5,100,76,166,57.6453018188477,NA,1889,"NWS_COL",183,"NWS","Northwest_South_America","AND",63,"IB0056_FM6",34,"SAN JACINTO DEL CAUCA","BOLÍVAR"
"121","2100","Colombia",762.6,762.6,100,76,166,57.6453018188477,NA,2100,"ORI_COL",199,"ORI","Orinoco","AND",1127,"IB0056_FM6",41,"TÁMARA","CASANARE"
"122","2101","Colombia",415.6,415.6,100,76,166,57.6453018188477,NA,2101,"ORI_COL",199,"ORI","Orinoco","AND",217,"IB0056_FM6",34,"PAZ DE ARIPORO","CASANARE"
"123","2020","Colombia",5409.5,5409.5,100,76,166,57.6453018188477,NA,2020,"ORI_COL",199,"ORI","Orinoco","AND",460,"IB0056_FM6",36,"FORTUL","ARAUCA"
"124","1756","Colombia",3789,3789,100,76,166,57.6453018188477,NA,1756,"NWS_COL",183,"NWS","Northwest_South_America","AND",104,"IB0056_FM6",34,"NUEVA GRANADA (Granada)","MAGDALENA"
"125","1755","Colombia",6987.8,6987.8,100,76,166,57.6453018188477,NA,1755,"NWS_COL",183,"NWS","Northwest_South_America","AND",65,"IB0056_FM6",34,"PLATO","MAGDALENA"
"126","1720","Colombia",5174.2,5174.2,100,76,166,57.6453018188477,NA,1720,"NWS_COL",183,"NWS","Northwest_South_America","AND",566,"IB0056_FM6",36,"VALLEDUPAR","CESAR"
"127","1721","Colombia",10437.8,10437.8,100,76,166,57.6453018188477,NA,1721,"NWS_COL",183,"NWS","Northwest_South_America","AND",536,"IB0056_FM6",36,"SAN DIEGO","CESAR"
"128","1757","Colombia",7444,7444,100,76,166,57.6453018188477,NA,1757,"NWS_COL",183,"NWS","Northwest_South_America","AND",75,"IB0056_FM6",33,"EL PASO","CESAR"
"129","1797","Colombia",7148,7148,100,76,166,57.6453018188477,NA,1797,"NWS_COL",183,"NWS","Northwest_South_America","AND",92,"IB0056_FM6",33,"CHIMICHAGUA","CESAR"
"130","1844","Colombia",4944.9,4944.9,100,76,166,57.6453018188477,NA,1844,"NWS_COL",183,"NWS","Northwest_South_America","AND",151,"IB0056_FM6",34,"TAMALAMEQUE","CESAR"
"131","2016","Colombia",2262.1,2262.1,100,76,166,57.6453018188477,NA,2016,"NWS_COL",183,"NWS","Northwest_South_America","AND",256,"IB0056_FM6",35,"SIMACOTA","SANTANDER"
"132","2146","Colombia",4470.4,4470.4,100,76,166,57.6453018188477,NA,2146,"ORI_COL",199,"ORI","Orinoco","AND",2303,"IB0006_INRA",58,"ZETAQUIRA","BOYACÁ"
"133","2193","Colombia",3359.5,3359.5,100,76,166,57.6453018188477,NA,2193,"NWS_COL",183,"NWS","Northwest_South_America","AND",688,"IB0056_FM6",38,"BELTRÁN","CUNDINAMARCA"
"134","2513","Colombia",565.2,565.2,100,76,166,57.6453018188477,NA,2513,"NWS_COL",183,"NWS","Northwest_South_America","AND",93,"IB0056_FM6",36,"MAGÜÍ (Payán)","NARIÑO"
"135","2140","Colombia",813.9,813.9,100,76,166,57.6453018188477,NA,2140,"NWS_COL",183,"NWS","Northwest_South_America","AND",1231,"IB0056_FM6",41,"TADÓ","CHOCÓ"
"136","2052","Colombia",1987.7,1987.7,100,76,166,57.6453018188477,NA,2052,"NWS_COL",183,"NWS","Northwest_South_America","AND",1702,"IB0056_FM6",45,"HELICONIA","ANTIOQUIA"
"137","2054","Colombia",2089.3,2089.3,100,76,166,57.6453018188477,NA,2054,"NWS_COL",183,"NWS","Northwest_South_America","AND",600,"IB0056_FM6",37,"CARACOLÍ","ANTIOQUIA"
"138","1718","Colombia",9537.8,9537.8,100,76,166,57.6453018188477,NA,1718,"NWS_COL",183,"NWS","Northwest_South_America","AND",34,"IB0056_FM6",34,"CONCORDIA","MAGDALENA"
"139","1796","Colombia",6897.2,6897.2,100,76,166,57.6453018188477,NA,1796,"NWS_COL",183,"NWS","Northwest_South_America","AND",38,"IB0056_FM6",33,"SAN SEBASTIÁN DE BUENAVISTA","MAGDALENA"
"140","1891","Colombia",7514.4,7514.4,100,76,166,57.6453018188477,NA,1891,"NWS_COL",183,"NWS","Northwest_South_America","AND",146,"IB0056_FM6",34,"GAMARRA","CESAR"
"141","1936","Colombia",896.8,896.8,100,76,166,57.6453018188477,NA,1936,"ORI_COL",199,"ORI","Orinoco","AND",1490,"IB0056_FM6",48,"SALAZAR","NORTE DE SANTANDER"
"142","1978","Colombia",152.3,152.3,100,76,166,57.6453018188477,NA,1978,"ORI_COL",199,"ORI","Orinoco","AND",2874,"IB0006_INRA",88,"SILOS","NORTE DE SANTANDER"
"143","2097","Colombia",2711.3,2711.3,100,76,166,57.6453018188477,NA,2097,"NWS_COL",183,"NWS","Northwest_South_America","AND",2195,"IB0006_INRA",59,"SABOYÁ","BOYACÁ"
"144","2145","Colombia",4284.5,4284.5,100,76,166,57.6453018188477,NA,2145,"NWS_COL",183,"NWS","Northwest_South_America","AND",2798,"IB0006_INRA",79,"CUCUNUBÁ","CUNDINAMARCA"
"145","2516","Colombia",577.6,577.6,100,76,166,57.6453018188477,NA,2516,"AMA_COL",5,"AMA","Amazon","AND",2670,"IB0006_INRA",64,"SANTA ROSA","CAUCA"
"146","2456","Colombia",102.6,102.6,100,76,166,57.6453018188477,NA,2456,"NWS_COL",183,"NWS","Northwest_South_America","AND",285,"IB0056_FM6",36,"GUAPI","CAUCA"
"147","2455","Colombia",603.8,603.8,100,76,166,57.6453018188477,NA,2455,"NWS_COL",183,"NWS","Northwest_South_America","AND",19,"IB0056_FM6",36,"OLAYA HERRERA (Bocas de Satinga)","NARIÑO"
"148","2512","Colombia",2449.3,2449.3,100,76,166,57.6453018188477,NA,2512,"NWS_COL",183,"NWS","Northwest_South_America","AND",17,"IB0056_FM6",36,"TUMACO","NARIÑO"
"149","2573","Colombia",1593.6,1593.6,100,76,166,80.8565979003906,NA,2573,"NWS_COL",183,"NWS","Northwest_South_America","AND",830,"IB0056_FM6",40,"BARBACOAS","NARIÑO"
"150","2576","Colombia",609.7,609.7,100,76,166,57.6453018188477,NA,2576,"AMA_COL",5,"AMA","Amazon","AND",1825,"IB0056_FM6",50,"MOCOA","PUTUMAYO"
"151","2578","Colombia",1212.7,1212.7,100,76,166,57.6453018188477,NA,2578,"AMA_COL",5,"AMA","Amazon","AND",506,"IB0056_FM6",37,"BELÉN DE LOS ANDAQUÍES","CAQUETÁ"
"152","2518","Colombia",904.6,904.6,100,76,166,57.6453018188477,NA,2518,"AMA_COL",5,"AMA","Amazon","AND",1322,"IB0056_FM6",44,"FLORENCIA","CAQUETÁ"
"153","2579","Colombia",2829.8,2829.8,100,76,166,57.6453018188477,NA,2579,"AMA_COL",5,"AMA","Amazon","AND",379,"IB0056_FM6",37,"MONTAÑITA","CAQUETÁ"
"154","2519","Colombia",705.6,705.6,100,76,166,57.6453018188477,NA,2519,"AMA_COL",5,"AMA","Amazon","AND",545,"IB0056_FM6",37,"EL DONCELLO","CAQUETÁ"
"155","2461","Colombia",729.6,729.6,100,76,166,57.6453018188477,NA,2461,"AMA_COL",5,"AMA","Amazon","AND",1528,"IB0056_FM6",46,"PUERTO RICO","CAQUETÁ"
"156","2405","Colombia",298.9,298.9,100,76,166,57.6453018188477,NA,2405,"ORI_COL",199,"ORI","Orinoco","AND",1251,"IB0056_FM6",47,"SAN VICENTE DEL CAGUÁN","CAQUETÁ"
"157","2462","Colombia",1824.3,1824.3,100,76,166,57.6453018188477,NA,2462,"AMA_COL",5,"AMA","Amazon","AND",573,"IB0056_FM6",37,"SAN VICENTE DEL CAGUÁN","CAQUETÁ"
"158","2520","Colombia",1218.9,1218.9,100,76,166,57.6453018188477,NA,2520,"AMA_COL",5,"AMA","Amazon","AND",372,"IB0056_FM6",36,"SAN VICENTE DEL CAGUÁN","CAQUETÁ"
"159","2521","Colombia",541.9,541.9,100,76,166,57.6453018188477,NA,2521,"AMA_COL",5,"AMA","Amazon","AND",291,"IB0056_FM6",36,"SAN VICENTE DEL CAGUÁN","CAQUETÁ"
"160","2580","Colombia",366.6,366.6,100,76,166,57.6453018188477,NA,2580,"AMA_COL",5,"AMA","Amazon","AND",238,"IB0056_FM6",36,"CARTAGENA DEL CHAIRÁ","CAQUETÁ"
"161","2351","Colombia",2460.6,2460.6,100,76,166,57.6453018188477,NA,2351,"ORI_COL",199,"ORI","Orinoco","AND",1601,"IB0056_FM6",45,"COLOMBIA","HUILA"
"162","2404","Colombia",2587.6,2587.6,100,76,166,57.6453018188477,NA,2404,"AMA_COL",5,"AMA","Amazon","AND",1250,"IB0056_FM6",41,"RIVERA","HUILA"
"163","2403","Colombia",1143.1,1143.1,100,76,166,57.6453018188477,NA,2403,"NWS_COL",183,"NWS","Northwest_South_America","AND",1840,"IB0056_FM6",48,"ÍQUIRA","HUILA"
"164","2517","Colombia",13541,13541,100,76,166,57.6453018188477,NA,2517,"NWS_COL",183,"NWS","Northwest_South_America","AND",1999,"IB0006_INRA",52,"PITALITO","HUILA"
"165","2143","Colombia",3520.5,3520.5,100,76,166,57.6453018188477,NA,2143,"NWS_COL",183,"NWS","Northwest_South_America","AND",582,"IB0056_FM6",37,"HONDA","TOLIMA"
"166","2192","Colombia",702.4,702.4,100,76,166,57.6453018188477,NA,2192,"NWS_COL",183,"NWS","Northwest_South_America","AND",2853,"IB0006_INRA",93,"SANTA ISABEL","TOLIMA"
"167","2244","Colombia",2784.2,2784.2,100,76,166,57.6453018188477,NA,2244,"NWS_COL",183,"NWS","Northwest_South_America","AND",1341,"IB0056_FM6",42,"ROVIRA","TOLIMA"
"168","2349","Colombia",1524.1,1524.1,100,76,166,57.6453018188477,NA,2349,"NWS_COL",183,"NWS","Northwest_South_America","AND",2406,"IB0006_INRA",57,"PLANADAS","TOLIMA"
"169","2298","Colombia",3151.6,3151.6,100,76,166,57.6453018188477,NA,2298,"NWS_COL",183,"NWS","Northwest_South_America","AND",1366,"IB0056_FM6",43,"PRADO","TOLIMA"
"170","2245","Colombia",7154.1,7154.1,100,76,166,57.6453018188477,NA,2245,"NWS_COL",183,"NWS","Northwest_South_America","AND",589,"IB0056_FM6",36,"SUÁREZ","TOLIMA"
"171","2191","Colombia",2346.2,2346.2,100,76,166,57.6453018188477,NA,2191,"NWS_COL",183,"NWS","Northwest_South_America","AND",1446,"IB0056_FM6",44,"PEREIRA","RISARALDA"
"172","2240","Colombia",63.8,63.8,100,76,166,57.6453018188477,NA,2240,"NWS_COL",183,"NWS","Northwest_South_America","AND",19,"IB0056_FM6",36,"EL LITORAL DEL SAN JUAN","CHOCÓ"
"173","2241","Colombia",13.1,13.1,100,76,166,57.6453018188477,NA,2241,"NWS_COL",183,"NWS","Northwest_South_America","AND",467,"IB0056_FM6",37,"EL LITORAL DEL SAN JUAN","CHOCÓ"
"174","1970","Colombia",5797.7,5797.7,100,76,166,57.6453018188477,NA,1970,"NWS_COL",183,"NWS","Northwest_South_America","AND",131,"IB0056_FM6",35,"CARMEN DEL DARIÉN  (Curbaradó)","CHOCÓ"
"175","2142","Colombia",3856.6,3856.6,100,76,166,57.6453018188477,NA,2142,"NWS_COL",183,"NWS","Northwest_South_America","AND",2324,"IB0006_INRA",60,"MARULANDA","CALDAS"
"176","2053","Colombia",3061.3,3061.3,100,76,166,57.6453018188477,NA,2053,"NWS_COL",183,"NWS","Northwest_South_America","AND",1906,"IB0006_INRA",49,"PEÑOL","ANTIOQUIA"
"177","2010","Colombia",437,437,100,76,166,57.6453018188477,NA,2010,"NWS_COL",183,"NWS","Northwest_South_America","AND",234,"IB0056_FM6",37,"MURINDÓ","ANTIOQUIA"
"178","1931","Colombia",4929.4,4929.4,100,76,166,57.6453018188477,NA,1931,"NWS_COL",183,"NWS","Northwest_South_America","AND",147,"IB0056_FM6",35,"CÁCERES","ANTIOQUIA"
"179","1885","Colombia",2801.4,2801.4,100,76,166,57.6453018188477,NA,1885,"NWS_COL",183,"NWS","Northwest_South_America","AND",90,"IB0056_FM6",35,"TURBO","ANTIOQUIA"
"180","1839","Colombia",10792.8,10792.8,100,76,166,57.6453018188477,NA,1839,"NWS_COL",183,"NWS","Northwest_South_America","AND",68,"IB0056_FM6",35,"CANALETE","CÓRDOBA"
